date	v2/2 Empty Blueprint books with slot between.dat	v2/2 Empty Blueprint books.dat	v2/3 Empty Blueprint books.dat	v2/Blueprint book with Icons.dat	v2/Empty Blueprint book.new.dat	v2/chest deconstruction planner with icons.dat	v2/empty blueprint book.dat	v2/empty deconstruction planner blacklist.dat	v2/empty deconstruction planner trees and rocks blacklist.dat	v2/empty deconstruction planner.dat	v2/empty upgrade planner.dat	v2/empty.dat	v2/new uncreated blueprint.dat	v2/stone furnace snap absolute.dat	v2/stone furnace snap relative.dat	v2/stone furnace.dat	v2/tiles deconstruction planner with chest icon in slot 4.dat	v2/tiles deconstruction planner.dat	v2/upgrade planner with stuff in slot 21.dat	v2/upgrade planner with stuff in slot 33.dat	v2/upgrade to wooden chest.dat	v2/upgrade wooden chest.dat	v2/wooden chest upgrade quality tests.dat	v2/wooden chest upgrade.dat	v1/2 Empty Blueprint books with slot between.dat	v1/2 Empty Blueprint books.dat	v1/3 Empty Blueprint books.dat	v1/Blacklist Deconstruction planner.dat	v1/Blueprint book with Icon.dat	v1/Empty Blueprint book.dat	v1/Empty Deconstruction planner.dat	v1/Empty Upgrade planner.dat	v1/Empty blueprint-storage.dat	v1/Single Stone furnace alt.dat	v1/Single Stone furnace.dat	v1/Trees and Rocks.dat	v1/Yellow belt to Red belt.dat	passed	git hash
2025-02-02 02:49:36 AM PST				0.792		0.480	0.872	0.726	0.715	0.736	0.877	0.992	0.550	0.413	0.428	0.461	0.607	0.679	0.376	0.287	0.703	0.703	0.369	0.553				0.433	0.542	0.791	0.460	0.396	0.977	0.149	0.149	0.449	0.440		dd1650fc77e7d85e6b84a942a1284472dc1cc6e1-dirty
2025-02-05 12:01:47 AM PST				0.792		0.480	0.872	0.726	0.715	0.736	0.877	0.992	0.550	0.413	0.428	0.461	0.607	0.679	0.376	0.287	0.703	0.703	0.369	0.553				0.433	0.542	0.791	0.460	0.396	0.977	0.149	0.149	0.449	0.440		dd1650fc77e7d85e6b84a942a1284472dc1cc6e1-dirty
2025-02-05 12:11:00 AM PST				1.000		0.835	0.993	0.857	0.860	0.855	0.993	0.992	0.996	0.997	0.997	0.997	0.958	0.867	0.635	0.561	0.974	0.979	0.725	0.904				0.325	0.463	0.520	0.345	0.264	1.000	0.443	0.443	0.337	0.342		dd1650fc77e7d85e6b84a942a1284472dc1cc6e1-dirty
2025-02-07 12:54:50 AM PST				1.000		0.835	0.993	0.857	0.860	0.855	0.993	0.992	0.996	0.997	0.997	0.997	0.958	0.867	0.635	0.561	0.974	0.979	0.725	0.904				1.000	1.000	1.000	1.000	0.510	1.000	1.000	1.000	0.888	0.650		dd1650fc77e7d85e6b84a942a1284472dc1cc6e1-dirty
2025-02-07 12:56:40 AM PST				1.000		0.835	0.993	0.857	0.860	0.855	0.993	0.992	0.996	0.997	0.997	0.997	0.958	0.867	0.635	0.561	0.974	0.979	0.725	0.904				1.000	1.000	1.000	1.000	0.510	1.000	1.000	1.000	0.888	0.650		dd1650fc77e7d85e6b84a942a1284472dc1cc6e1-dirty
2025-02-07 12:57:45 AM PST				1.000		0.835	0.993	0.857	0.860	0.855	0.993	0.992	0.996	0.997	0.997	0.997	0.958	0.867	0.635	0.561	0.974	0.979	0.725	0.904				1.000	1.000	1.000	1.000	0.510	1.000	1.000	1.000	0.888	0.650		dd1650fc77e7d85e6b84a942a1284472dc1cc6e1-dirty
2025-02-07 01:11:45 AM PST				1.000		0.835	0.993	0.857	0.860	0.855	0.993	0.992	0.996	0.997	0.997	0.997	0.958	0.867	0.635	0.561	0.974	0.979	0.725	0.904				1.000	1.000	1.000	1.000	0.510	1.000	1.000	1.000	0.888	0.650		dd1650fc77e7d85e6b84a942a1284472dc1cc6e1-dirty
2025-02-07 01:11:56 AM PST				1.000		0.835	0.993	0.857	0.860	0.855	0.993	0.992	0.996	0.997	0.997	0.997	0.958	0.867	0.635	0.561	0.974	0.979	0.725	0.904				1.000	1.000	1.000	1.000	0.510	1.000	1.000	1.000	0.888	0.650		dd1650fc77e7d85e6b84a942a1284472dc1cc6e1-dirty
2025-02-07 01:12:21 AM PST				1.000		0.835	0.993	0.862	0.864	0.860	0.993	1.000	1.000	1.000	1.000	1.000	0.962	0.871	0.635	0.561	0.974	0.979	0.725	0.904				1.000	1.000	1.000	1.000	0.510	1.000	1.000	1.000	0.888	0.650		dd1650fc77e7d85e6b84a942a1284472dc1cc6e1-dirty
2025-02-07 01:18:29 AM PST				1.000		0.835	1.000	0.862	0.864	0.860	0.993	1.000	1.000	1.000	1.000	1.000	0.962	0.871	0.635	0.561	0.974	0.979	0.725	0.904				1.000	1.000	1.000	1.000	0.510	1.000	1.000	1.000	0.888	0.650		dd1650fc77e7d85e6b84a942a1284472dc1cc6e1-dirty
2025-02-07 01:19:24 AM PST				1.000		0.835	0.993	0.857	0.860	0.855	0.993	0.992	0.996	0.997	0.997	0.997	0.958	0.867	0.635	0.561	0.974	0.979	0.725	0.904				1.000	1.000	1.000	1.000	0.510	1.000	1.000	1.000	0.888	0.650		dd1650fc77e7d85e6b84a942a1284472dc1cc6e1-dirty
2025-02-07 01:20:36 AM PST				1.000		0.835	0.993	0.857	0.860	0.855	0.993	0.992	0.996	0.997	0.997	0.997	0.958	0.867	0.635	0.561	0.974	0.979	0.725	0.904				1.000	1.000	1.000	1.000	0.510	1.000	1.000	1.000	0.888	0.650		dd1650fc77e7d85e6b84a942a1284472dc1cc6e1-dirty
2025-02-07 01:21:13 AM PST				1.000		0.835	0.993	0.857	0.860	0.855	0.993	0.992	0.996	0.997	0.997	0.997	0.958	0.867	0.635	0.561	0.974	0.979	0.725	0.904				1.000	1.000	1.000	1.000	0.510	1.000	1.000	1.000	0.888	0.650		dd1650fc77e7d85e6b84a942a1284472dc1cc6e1-dirty
2025-02-07 01:22:54 AM PST				1.000		0.835	0.993	0.857	0.860	0.855	0.993	0.992	0.996	0.997	0.997	0.997	0.958	0.867	0.635	0.561	0.974	0.979	0.725	0.904				1.000	1.000	1.000	1.000	0.510	1.000	1.000	1.000	0.888	0.650		dd1650fc77e7d85e6b84a942a1284472dc1cc6e1-dirty
2025-02-07 01:23:09 AM PST				1.000		0.835	0.993	0.857	0.860	0.855	0.993	0.992	0.996	0.997	0.997	0.997	0.958	0.867	0.635	0.561	0.974	0.979	0.725	0.904				1.000	1.000	1.000	1.000	0.510	1.000	1.000	1.000	0.888	0.650		dd1650fc77e7d85e6b84a942a1284472dc1cc6e1-dirty
2025-02-07 01:30:05 AM PST				0.816		0.619	0.931	0.657	0.647	0.666	0.940	0.969	0.482	0.415	0.429	0.463	0.626	0.644	0.518	0.442	0.839	0.839	0.450	0.688		0.329	0.248	0.307	0.440	0.486	0.326	0.247	0.884	0.424	0.424	0.318	0.329		dd1650fc77e7d85e6b84a942a1284472dc1cc6e1-dirty
2025-02-07 01:30:10 AM PST				1.000		0.835	0.993	0.857	0.860	0.855	0.993	0.992	0.996	0.997	0.997	0.997	0.958	0.867	0.635	0.561	0.974	0.979	0.725	0.904		1.000	1.000	1.000	1.000	1.000	1.000	0.510	1.000	1.000	1.000	0.888	0.650		dd1650fc77e7d85e6b84a942a1284472dc1cc6e1-dirty
2025-02-07 01:31:26 AM PST				1.000		0.835	0.993	0.857	0.860	0.855	0.993	0.992	0.996	0.997	0.997	0.997	0.958	0.867	0.635	0.561	0.974	0.979	0.725	0.904		1.000	1.000	1.000	1.000	1.000	1.000	0.510	1.000	1.000	1.000	0.888	0.650		dd1650fc77e7d85e6b84a942a1284472dc1cc6e1-dirty
2025-02-07 01:31:37 AM PST				1.000		0.835	0.993	0.857	0.860	0.855	0.993	0.992	0.996	0.997	0.997	0.997	0.958	0.867	0.635	0.561	0.974	0.979	0.725	0.904		1.000	1.000	1.000	1.000	1.000	1.000	0.510	1.000	1.000	1.000	0.888	0.650		dd1650fc77e7d85e6b84a942a1284472dc1cc6e1-dirty
2025-02-07 01:31:50 AM PST				1.000		0.835	0.993	0.857	0.860	0.855	0.993	0.992	0.996	0.997	0.997	0.997	0.958	0.867	0.635	0.561	0.974	0.979	0.725	0.904		1.000	1.000	1.000	1.000	1.000	1.000	0.510	1.000	1.000	1.000	0.888	0.650		dd1650fc77e7d85e6b84a942a1284472dc1cc6e1-dirty
2025-02-07 01:32:04 AM PST				1.000		0.835	0.993	0.857	0.860	0.855	0.993	0.992	0.996	0.997	0.997	0.997	0.958	0.867	0.635	0.561	0.974	0.979	0.725	0.904		1.000	1.000	1.000	1.000	1.000	1.000	0.510	1.000	1.000	1.000	0.888	0.650		dd1650fc77e7d85e6b84a942a1284472dc1cc6e1-dirty
2025-02-07 01:32:36 AM PST				1.000		0.835	0.993	0.857	0.860	0.855	0.993	0.992	0.996	0.997	0.997	0.997	0.958	0.867	0.635	0.561	0.974	0.979	0.725	0.904		1.000	1.000	1.000	1.000	1.000	1.000	0.510	1.000	1.000	1.000	0.888	0.650		dd1650fc77e7d85e6b84a942a1284472dc1cc6e1-dirty
2025-02-07 01:32:47 AM PST				1.000		0.835	0.993	0.857	0.860	0.855	0.993	0.992	0.996	0.997	0.997	0.997	0.958	0.867	0.635	0.561	0.974	0.979	0.725	0.904		1.000	1.000	1.000	1.000	1.000	1.000	0.510	1.000	1.000	1.000	0.888	0.650		dd1650fc77e7d85e6b84a942a1284472dc1cc6e1-dirty
2025-02-07 01:33:14 AM PST				1.000		0.835	0.993	0.857	0.860	0.855	0.993	0.992	0.996	0.997	0.997	0.997	0.958	0.867	0.635	0.561	0.974	0.979	0.725	0.904		1.000	1.000	1.000	1.000	1.000	1.000	0.510	1.000	1.000	1.000	0.888	0.650		dd1650fc77e7d85e6b84a942a1284472dc1cc6e1-dirty
2025-02-07 01:35:24 AM PST				1.000		0.835	0.993	0.857	0.860	0.855	0.993	0.992	0.996	0.997	0.997	0.997	0.958	0.867	0.635	0.561	0.974	0.979	0.725	0.904		1.000	1.000	1.000	1.000	1.000	1.000	0.510	1.000	1.000	1.000	0.888	0.650		dd1650fc77e7d85e6b84a942a1284472dc1cc6e1-dirty
2025-02-07 01:36:19 AM PST				1.000		0.835	0.993	0.857	0.860	0.855	0.993	0.992	0.996	0.997	0.997	0.997	0.958	0.867	0.635	0.561	0.974	0.979	0.725	0.904		1.000	1.000	1.000	1.000	1.000	1.000	0.510	1.000	1.000	1.000	0.888	0.650		dd1650fc77e7d85e6b84a942a1284472dc1cc6e1-dirty
2025-02-07 01:38:07 AM PST				1.000		0.835	0.993	0.857	0.860	0.855	0.993	0.992	0.996	0.997	0.997	0.997	0.958	0.867	0.635	0.561	0.974	0.979	0.725	0.904		1.000	1.000	1.000	1.000	1.000	1.000	0.510	1.000	1.000	1.000	0.888	0.650		dd1650fc77e7d85e6b84a942a1284472dc1cc6e1-dirty
2025-02-07 01:38:21 AM PST				1.000		0.835	0.993	0.857	0.860	0.855	0.993	0.992	0.996	0.997	0.997	0.997	0.958	0.867	0.635	0.561	0.974	0.979	0.725	0.904		1.000	1.000	1.000	1.000	1.000	1.000	0.510	1.000	1.000	1.000	0.888	0.650		dd1650fc77e7d85e6b84a942a1284472dc1cc6e1-dirty
2025-02-07 01:41:11 AM PST				1.000		0.835	0.993	0.857	0.860	0.855	0.993	0.992	0.996	0.997	0.997	0.997	0.958	0.867	0.635	0.561	0.974	0.979	0.725	0.904	1.000	1.000	1.000	1.000	1.000	1.000	1.000	0.510	1.000	1.000	1.000	0.888	0.650		dd1650fc77e7d85e6b84a942a1284472dc1cc6e1-dirty
2025-02-07 01:51:55 AM PST				1.000		0.835	1.000	1.000	1.000	1.000	0.993	1.000	1.000	1.000	1.000	1.000	1.000	1.000	0.635	0.561	0.974	0.979	0.725	0.904	1.000	1.000	1.000	1.000	1.000	1.000	1.000	0.510	1.000	1.000	1.000	0.888	0.650		dd1650fc77e7d85e6b84a942a1284472dc1cc6e1-dirty
2025-02-07 01:52:11 AM PST				1.000		0.835	1.000	1.000	1.000	1.000	0.993	1.000	1.000	1.000	1.000	1.000	1.000	1.000	0.635	0.561	0.974	0.979	0.725	0.904	1.000	1.000	1.000	1.000	1.000	1.000	1.000	0.510	1.000	1.000	1.000	0.888	0.650		dd1650fc77e7d85e6b84a942a1284472dc1cc6e1-dirty
2025-02-07 01:52:20 AM PST				1.000		0.835	1.000	1.000	1.000	1.000	0.993	1.000	1.000	1.000	1.000	1.000	1.000	1.000	0.635	0.561	0.974	0.979	0.725	0.904	1.000	1.000	1.000	1.000	1.000	1.000	1.000	0.510	1.000	1.000	1.000	0.888	0.650		dd1650fc77e7d85e6b84a942a1284472dc1cc6e1-dirty
2025-02-07 01:52:33 AM PST				1.000		0.835	1.000	1.000	1.000	1.000	0.993	1.000	1.000	1.000	1.000	1.000	1.000	1.000	0.635	0.561	0.974	0.979	0.725	0.904	1.000	1.000	1.000	1.000	1.000	1.000	1.000	0.510	1.000	1.000	1.000	0.888	0.650		dd1650fc77e7d85e6b84a942a1284472dc1cc6e1-dirty
2025-02-07 01:52:36 AM PST				1.000		0.835	1.000	1.000	1.000	1.000	0.993	1.000	1.000	1.000	1.000	1.000	1.000	1.000	0.635	0.561	0.974	0.979	0.725	0.904	1.000	1.000	1.000	1.000	1.000	1.000	1.000	0.510	1.000	1.000	1.000	0.888	0.650		dd1650fc77e7d85e6b84a942a1284472dc1cc6e1-dirty
2025-02-07 01:52:56 AM PST				1.000		0.835	1.000	1.000	1.000	1.000	0.993	1.000	1.000	1.000	1.000	1.000	1.000	1.000	0.635	0.561	0.974	0.979	0.725	0.904	1.000	1.000	1.000	1.000	1.000	1.000	1.000	0.510	1.000	1.000	1.000	0.888	0.650		dd1650fc77e7d85e6b84a942a1284472dc1cc6e1-dirty
2025-02-07 01:53:16 AM PST				1.000		0.835	1.000	1.000	1.000	1.000	0.993	1.000	1.000	1.000	1.000	1.000	1.000	1.000	0.635	0.561	0.974	0.979	0.725	0.904	1.000	1.000	1.000	1.000	1.000	1.000	1.000	0.510	1.000	1.000	1.000	0.888	0.650		dd1650fc77e7d85e6b84a942a1284472dc1cc6e1-dirty
2025-02-07 01:53:29 AM PST				1.000		0.835	1.000	1.000	1.000	1.000	0.993	1.000	1.000	1.000	1.000	1.000	1.000	1.000	0.635	0.561	0.974	0.979	0.725	0.904	1.000	1.000	1.000	1.000	1.000	1.000	1.000	0.510	1.000	1.000	1.000	0.888	0.650		dd1650fc77e7d85e6b84a942a1284472dc1cc6e1-dirty
2025-02-07 01:53:32 AM PST				1.000		0.835	1.000	1.000	1.000	1.000	0.993	1.000	1.000	1.000	1.000	1.000	1.000	1.000	0.635	0.561	0.974	0.979	0.725	0.904	1.000	1.000	1.000	1.000	1.000	1.000	1.000	0.510	1.000	1.000	1.000	0.888	0.650		dd1650fc77e7d85e6b84a942a1284472dc1cc6e1-dirty
2025-02-07 01:54:19 AM PST				1.000		0.835	1.000	1.000	1.000	1.000	0.993	1.000	1.000	1.000	1.000	1.000	1.000	1.000	0.635	0.561	0.974	0.979	0.725	0.904	1.000	1.000	1.000	1.000	1.000	1.000	1.000	0.510	1.000	1.000	1.000	0.888	0.650		dd1650fc77e7d85e6b84a942a1284472dc1cc6e1-dirty
2025-02-07 01:56:04 AM PST				1.000		0.835	1.000	1.000	1.000	1.000	0.993	1.000	1.000	1.000	1.000	1.000	1.000	1.000	0.635	0.561	0.974	0.979	0.725	0.904	1.000	1.000	1.000	1.000	1.000	1.000	1.000	0.510	1.000	1.000	1.000	0.888	0.650		dd1650fc77e7d85e6b84a942a1284472dc1cc6e1-dirty
2025-02-07 01:56:50 AM PST				1.000		0.835	1.000	1.000	1.000	1.000	0.993	1.000	1.000	1.000	1.000	1.000	1.000	1.000	0.635	0.561	0.974	0.979	0.725	0.904	1.000	1.000	1.000	1.000	1.000	1.000	1.000	0.510	1.000	1.000	1.000	0.888	0.650		dd1650fc77e7d85e6b84a942a1284472dc1cc6e1-dirty
2025-02-07 01:57:28 AM PST				1.000		0.835	1.000	1.000	1.000	1.000	0.993	1.000	1.000	1.000	1.000	1.000	1.000	1.000	0.635	0.561	0.974	0.979	0.725	0.904	1.000	1.000	1.000	1.000	1.000	1.000	1.000	0.510	1.000	1.000	1.000	0.888	0.650		dd1650fc77e7d85e6b84a942a1284472dc1cc6e1-dirty
2025-02-07 01:58:12 AM PST				1.000		0.835	1.000	1.000	1.000	1.000	0.993	1.000	1.000	1.000	1.000	1.000	1.000	1.000	0.635	0.561	0.974	0.979	0.725	0.904	1.000	1.000	1.000	1.000	1.000	1.000	1.000	0.510	1.000	1.000	1.000	0.888	0.650		dd1650fc77e7d85e6b84a942a1284472dc1cc6e1-dirty
2025-02-07 02:05:00 AM PST				1.000		0.835	1.000	1.000	1.000	1.000	0.993	1.000	1.000	1.000	1.000	1.000	1.000	1.000	0.635	0.561	0.974	0.979	0.725	0.904	1.000	1.000	1.000	1.000	1.000	1.000	1.000	0.510	1.000	1.000	1.000	0.888	0.650		dd1650fc77e7d85e6b84a942a1284472dc1cc6e1-dirty
2025-02-07 02:05:41 AM PST				1.000		0.835	1.000	1.000	1.000	1.000	0.993	1.000	1.000	1.000	1.000	1.000	1.000	1.000	0.635	0.561	0.974	0.979	0.725	0.904	1.000	1.000	1.000	1.000	1.000	1.000	1.000	0.510	1.000	1.000	1.000	0.888	0.650		dd1650fc77e7d85e6b84a942a1284472dc1cc6e1-dirty
2025-02-07 02:05:52 AM PST				1.000		0.835	1.000	1.000	1.000	1.000	0.993	1.000	1.000	1.000	1.000	1.000	1.000	1.000	0.635	0.561	0.974	0.979	0.725	0.904	1.000	1.000	1.000	1.000	1.000	1.000	1.000	0.510	1.000	1.000	1.000	0.888	0.650		dd1650fc77e7d85e6b84a942a1284472dc1cc6e1-dirty
2025-02-07 02:07:58 AM PST				1.000		0.835	1.000	1.000	1.000	1.000	0.993	1.000	1.000	1.000	1.000	1.000	1.000	1.000	0.635	0.561	0.974	0.979	0.725	0.904	1.000	1.000	1.000	1.000	1.000	1.000	1.000	0.510	1.000	1.000	1.000	1.000	0.650		dd1650fc77e7d85e6b84a942a1284472dc1cc6e1-dirty
2025-02-07 02:16:20 AM PST				1.000		0.835	1.000	1.000	1.000	1.000	0.993	1.000	1.000	1.000	1.000	1.000	1.000	1.000	0.635	0.561	0.974	0.979	0.725	0.904	1.000	1.000	1.000	1.000	1.000	1.000	1.000	0.510	1.000	1.000	1.000	1.000	0.650		25ca6f2fd419394f7f76924ab8356b7f3ccf6278-dirty
2025-02-07 02:20:18 AM PST				1.000		0.835	1.000	1.000	1.000	1.000	0.993	1.000	1.000	1.000	1.000	1.000	1.000	1.000	0.635	0.561	0.974	0.979	0.725	0.904	1.000	1.000	1.000	1.000	1.000	1.000	1.000	0.510	1.000	1.000	1.000	1.000	0.650		434a7749bd534b44b263ab8a8dc5d5390ef31956-dirty
2025-02-07 02:20:25 AM PST				1.000		0.835	1.000	1.000	1.000	1.000	0.993	1.000	1.000	1.000	1.000	1.000	1.000	1.000	0.635	0.561	0.974	0.979	0.725	0.904	1.000	1.000	1.000	1.000	1.000	1.000	1.000	0.510	1.000	1.000	1.000	1.000	0.650		434a7749bd534b44b263ab8a8dc5d5390ef31956-dirty
2025-02-07 02:20:35 AM PST				1.000		0.835	1.000	1.000	1.000	1.000	0.993	1.000	0.511	0.461	0.469	0.502	1.000	1.000	0.635	0.561	0.974	0.979	0.725	0.904	1.000	1.000	1.000	1.000	1.000	1.000	1.000	0.510	1.000	0.576	0.576	1.000	0.650		434a7749bd534b44b263ab8a8dc5d5390ef31956-dirty
2025-02-07 02:20:43 AM PST				1.000		0.835	1.000	1.000	1.000	1.000	0.993	1.000	1.000	1.000	1.000	1.000	1.000	1.000	0.635	0.561	0.974	0.979	0.725	0.904	1.000	1.000	1.000	1.000	1.000	1.000	1.000	0.510	1.000	1.000	1.000	1.000	0.650		434a7749bd534b44b263ab8a8dc5d5390ef31956-dirty
2025-02-07 02:20:55 AM PST				1.000		0.835	1.000	1.000	1.000	1.000	0.993	1.000	0.511	0.461	0.469	0.502	1.000	1.000	0.635	0.561	0.974	0.979	0.725	0.904	1.000	1.000	1.000	1.000	1.000	1.000	1.000	0.510	1.000	0.576	0.576	1.000	0.650		42fa42aeb50a68d20d72e7e11e0647cb88ee8e8e-dirty
2025-02-07 02:21:29 AM PST				1.000		0.835	1.000	1.000	1.000	1.000	0.993	1.000	1.000	1.000	1.000	1.000	1.000	1.000	0.635	0.561	0.974	0.979	0.725	0.904	1.000	1.000	1.000	1.000	1.000	1.000	1.000	0.510	1.000	1.000	1.000	1.000	0.650		42fa42aeb50a68d20d72e7e11e0647cb88ee8e8e-dirty
2025-02-07 02:56:43 AM PST				1.000		0.835	1.000	1.000	1.000	1.000	1.000	1.000	1.000	1.000	1.000	1.000	1.000	1.000	0.635	0.561	0.974	0.979	0.725	0.904	1.000	1.000	1.000	1.000	1.000	1.000	1.000	0.510	1.000	1.000	1.000	1.000	0.650		17a37224e130c1c34ce218e1e598eddecb959abf-dirty
2025-02-07 02:57:55 AM PST				1.000		0.835	1.000	1.000	1.000	1.000	1.000	1.000	1.000	1.000	1.000	1.000	1.000	1.000	0.635	0.561	0.974	0.979	0.725	0.904	1.000	1.000	1.000	1.000	1.000	1.000	1.000	0.510	1.000	1.000	1.000	1.000	0.650		12febefc719476f4bc29f9c13dc9b7e67caaaafc-dirty
2025-02-07 03:03:28 AM PST				1.000		0.835	1.000	1.000	1.000	1.000	1.000	1.000	1.000	1.000	1.000	1.000	1.000	1.000	0.635	0.561	0.974	0.979	0.725	0.904	1.000	1.000	1.000	1.000	1.000	1.000	1.000	0.510	1.000	1.000	1.000	1.000	0.650		562fb7d63a08919120dc3ef6b4c30d7a0c705f88-dirty
2025-02-07 03:05:22 AM PST				1.000		0.835	1.000	1.000	1.000	1.000	1.000	1.000	1.000	1.000	1.000	1.000	1.000	1.000	0.635	0.561	0.974	0.979	0.725	0.904	1.000	1.000	1.000	1.000	1.000	1.000	1.000	0.510	1.000	1.000	1.000	1.000	0.650		562fb7d63a08919120dc3ef6b4c30d7a0c705f88-dirty
2025-02-07 03:06:19 AM PST				1.000		0.835	1.000	1.000	1.000	1.000	1.000	1.000	1.000	1.000	1.000	1.000	1.000	1.000	0.635	0.561	0.974	0.979	0.725	0.904	1.000	1.000	1.000	1.000	1.000	1.000	1.000	0.510	1.000	1.000	1.000	1.000	0.650		562fb7d63a08919120dc3ef6b4c30d7a0c705f88-dirty
2025-02-07 03:07:08 AM PST				1.000		0.835	1.000	1.000	1.000	1.000	1.000	1.000	1.000	1.000	1.000	1.000	1.000	1.000	0.635	0.561	0.974	0.979	0.725	0.904	1.000	1.000	1.000	1.000	1.000	1.000	1.000	0.510	1.000	1.000	1.000	1.000	0.650		fb890b2ee100ef8bc1e4825ac2d40150762a161b
2025-02-07 03:48:45 AM PST				1.000		0.835	1.000	1.000	1.000	1.000	1.000	1.000	1.000	1.000	1.000	1.000	1.000	1.000	0.635	0.561	0.974	0.979	0.725	0.904	1.000	1.000	1.000	1.000	1.000	1.000	1.000	0.510	1.000	1.000	1.000	1.000	0.650		fb890b2ee100ef8bc1e4825ac2d40150762a161b-dirty
2025-02-07 03:51:27 AM PST				1.000		0.835	1.000	1.000	1.000	1.000	1.000	1.000	1.000	1.000	1.000	1.000	1.000	1.000	0.635	0.561	0.974	0.979	0.725	0.904	1.000	1.000	1.000	1.000	1.000	1.000	1.000	0.510	1.000	1.000	1.000	1.000	0.650		fb890b2ee100ef8bc1e4825ac2d40150762a161b-dirty
2025-02-07 03:53:51 AM PST				1.000		0.835	1.000	1.000	1.000	1.000	1.000	1.000	1.000	1.000	1.000	1.000	1.000	1.000	0.635	0.561	0.974	0.979	0.725	0.904	1.000	1.000	1.000	1.000	1.000	1.000	1.000	0.510	1.000	1.000	1.000	1.000	0.650		fb890b2ee100ef8bc1e4825ac2d40150762a161b-dirty
2025-02-07 03:54:25 AM PST				1.000		0.835	1.000	1.000	1.000	1.000	1.000	1.000	1.000	1.000	1.000	1.000	1.000	1.000	0.635	0.561	0.974	0.979	0.725	0.904	1.000	1.000	1.000	1.000	1.000	1.000	1.000	0.510	1.000	1.000	1.000	1.000	0.650		fb890b2ee100ef8bc1e4825ac2d40150762a161b-dirty
2025-02-07 03:58:16 AM PST				1.000		0.835	1.000	1.000	1.000	1.000	1.000	1.000	1.000	1.000	1.000	1.000	1.000	1.000	0.635	0.561	0.974	0.979	0.725	0.904	1.000	1.000	1.000	1.000	1.000	1.000	1.000	0.510	1.000	1.000	1.000	1.000	0.650		fb890b2ee100ef8bc1e4825ac2d40150762a161b-dirty
2025-02-07 04:04:59 AM PST				1.000		0.835	1.000	1.000	1.000	1.000	1.000	1.000	1.000	1.000	1.000	1.000	1.000	1.000	0.635	0.561	0.974	0.979	0.725	0.904	1.000	1.000	1.000	1.000	1.000	1.000	1.000	0.510	1.000	1.000	1.000	1.000	0.650		d29b706c81981f2c543798eff2225621f1d8a88d-dirty
2025-02-07 04:05:41 AM PST				1.000		0.835	1.000	1.000	1.000	1.000	1.000	1.000	1.000	1.000	1.000	1.000	1.000	1.000	0.635	0.561	0.974	0.979	0.725	0.904	1.000	1.000	1.000	1.000	1.000	1.000	1.000	0.510	1.000	1.000	1.000	1.000	0.650		c92b491708c0aea73bde5dc2c35fcbf860cf05ca
2025-02-09 12:10:06 AM PST	1.000	1.000	1.000	1.000	1.000	0.835	1.000	1.000	1.000	1.000	1.000	1.000	1.000	1.000	1.000	1.000	1.000	1.000	0.635	0.561	0.974	0.979	0.725	0.904	1.000	1.000	1.000	1.000	1.000	1.000	1.000	0.510	1.000	1.000	1.000	1.000	0.650		unknown
2025-02-09 12:10:58 AM PST	1.000	1.000	1.000	1.000	1.000	0.835	1.000	1.000	1.000	1.000	1.000	1.000	1.000	1.000	1.000	1.000	1.000	1.000	0.635	0.561	0.974	0.979	0.725	0.904	1.000	1.000	1.000	1.000	1.000	1.000	1.000	0.510	1.000	1.000	1.000	1.000	0.650		unknown
2025-02-09 12:11:37 AM PST	1.000	1.000	1.000	1.000	1.000	0.835	1.000	1.000	1.000	1.000	1.000	1.000	1.000	1.000	1.000	1.000	1.000	1.000	0.635	0.561	0.974	0.979	0.725	0.904	1.000	1.000	1.000	1.000	1.000	1.000	1.000	0.510	1.000	1.000	1.000	1.000	0.650		unknown
2025-02-09 12:11:50 AM PST	1.000	1.000	1.000	1.000	1.000	0.835	1.000	1.000	1.000	1.000	1.000	1.000	1.000	1.000	1.000	1.000	1.000	1.000	0.635	0.561	0.974	0.979	0.725	0.904	1.000	1.000	1.000	1.000	1.000	1.000	1.000	0.510	1.000	1.000	1.000	1.000	0.650		unknown
2025-02-09 12:12:10 AM PST	1.000	1.000	1.000	1.000	1.000	0.835	1.000	1.000	1.000	1.000	1.000	1.000	1.000	1.000	1.000	1.000	1.000	1.000	0.635	0.561	0.974	0.979	0.725	0.904	1.000	1.000	1.000	1.000	1.000	1.000	1.000	0.510	1.000	1.000	1.000	1.000	0.650		unknown
2025-02-09 12:12:21 AM PST	1.000	1.000	1.000	1.000	1.000	0.835	1.000	1.000	1.000	1.000	1.000	1.000	1.000	1.000	1.000	1.000	1.000	1.000	0.635	0.561	0.974	0.979	0.725	0.904	1.000	1.000	1.000	1.000	1.000	1.000	1.000	0.510	1.000	1.000	1.000	1.000	0.650		unknown
2025-02-09 12:12:22 AM PST	1.000	1.000	1.000	1.000	1.000	0.835	1.000	1.000	1.000	1.000	1.000	1.000	1.000	1.000	1.000	1.000	1.000	1.000	0.635	0.561	0.974	0.979	0.725	0.904	1.000	1.000	1.000	1.000	1.000	1.000	1.000	0.510	1.000	1.000	1.000	1.000	0.650		unknown
2025-02-09 12:12:40 AM PST	1.000	1.000	1.000	1.000	1.000	0.835	1.000	1.000	1.000	1.000	1.000	1.000	1.000	1.000	1.000	1.000	1.000	1.000	0.635	0.561	0.974	0.979	0.725	0.904	1.000	1.000	1.000	1.000	1.000	1.000	1.000	0.510	1.000	1.000	1.000	1.000	0.650		unknown
2025-02-09 12:12:59 AM PST	1.000	1.000	1.000	1.000	1.000	0.835	1.000	1.000	1.000	1.000	1.000	1.000	1.000	1.000	1.000	1.000	1.000	1.000	0.635	0.561	0.974	0.979	0.725	0.904	1.000	1.000	1.000	1.000	1.000	1.000	1.000	0.510	1.000	1.000	1.000	1.000	0.650		unknown
2025-02-09 12:15:36 AM PST	1.000	1.000	1.000	1.000	1.000	0.835	1.000	1.000	1.000	1.000	1.000	1.000	1.000	1.000	1.000	1.000	1.000	1.000	0.635	0.561	0.974	0.979	0.725	0.904	1.000	1.000	1.000	1.000	1.000	1.000	1.000	0.510	1.000	1.000	1.000	1.000	0.650		unknown
2025-02-09 12:16:36 AM PST	1.000	1.000	1.000	1.000	1.000	0.835	1.000	1.000	1.000	1.000	1.000	1.000	1.000	1.000	1.000	1.000	1.000	1.000	0.635	0.561	0.974	0.979	0.725	0.904	1.000	1.000	1.000	1.000	1.000	1.000	1.000	0.510	1.000	1.000	1.000	1.000	0.650		unknown
2025-02-09 12:19:22 AM PST	1.000	1.000	1.000	1.000	1.000	0.835	1.000	1.000	1.000	1.000	1.000	1.000	1.000	1.000	1.000	1.000	1.000	1.000	0.635	0.561	0.974	0.979	0.725	0.904	1.000	1.000	1.000	1.000	1.000	1.000	1.000	0.510	1.000	1.000	1.000	1.000	0.650		unknown
2025-02-09 12:19:47 AM PST	1.000	1.000	1.000	1.000	1.000	0.835	1.000	1.000	1.000	1.000	1.000	1.000	1.000	1.000	1.000	1.000	1.000	1.000	0.635	0.561	0.974	0.979	0.725	0.904	1.000	1.000	1.000	1.000	1.000	1.000	1.000	0.510	1.000	1.000	1.000	1.000	0.650		unknown
2025-02-09 12:27:03 AM PST	1.000	1.000	1.000	1.000	1.000	0.835	1.000	1.000	1.000	1.000	1.000	1.000	1.000	1.000	1.000	1.000	1.000	1.000	0.635	0.561	0.974	0.979	0.725	0.904	1.000	1.000	1.000	1.000	1.000	1.000	1.000	0.510	1.000	1.000	1.000	1.000	0.650		unknown
2025-02-09 12:28:05 AM PST	1.000	1.000	1.000	1.000	1.000	0.835	1.000	1.000	1.000	1.000	1.000	1.000	1.000	1.000	1.000	1.000	1.000	1.000	0.635	0.561	0.974	0.979	0.725	0.904	1.000	1.000	1.000	1.000	1.000	1.000	1.000	0.510	1.000	1.000	1.000	1.000	0.650		unknown
2025-02-09 12:28:41 AM PST	1.000	1.000	1.000	1.000	1.000	0.835	1.000	1.000	1.000	1.000	1.000	1.000	1.000	1.000	1.000	1.000	1.000	1.000	0.635	0.561	0.974	0.979	0.725	0.904	1.000	1.000	1.000	1.000	1.000	1.000	1.000	0.510	1.000	1.000	1.000	1.000	0.650		unknown
2025-02-09 12:28:57 AM PST	1.000	1.000	1.000	1.000	1.000	0.835	1.000	1.000	1.000	1.000	1.000	1.000	1.000	1.000	1.000	1.000	1.000	1.000	0.635	0.561	0.974	0.979	0.725	0.904	1.000	1.000	1.000	1.000	1.000	1.000	1.000	0.510	1.000	1.000	1.000	1.000	0.650		unknown
2025-02-09 12:29:08 AM PST	1.000	1.000	1.000	1.000	1.000	0.835	1.000	1.000	1.000	1.000	1.000	1.000	1.000	1.000	1.000	1.000	1.000	1.000	0.635	0.561	0.974	0.979	0.725	0.904	1.000	1.000	1.000	1.000	1.000	1.000	1.000	0.510	1.000	1.000	1.000	1.000	0.650		unknown
2025-02-09 12:29:40 AM PST	1.000	1.000	1.000	1.000	1.000	0.835	1.000	1.000	1.000	1.000	1.000	1.000	1.000	1.000	1.000	1.000	1.000	1.000	0.635	0.561	0.974	0.979	0.725	0.904	1.000	1.000	1.000	1.000	1.000	1.000	1.000	0.510	1.000	1.000	1.000	1.000	0.650		unknown
2025-02-09 12:29:51 AM PST	1.000	1.000	1.000	1.000	1.000	0.835	1.000	1.000	1.000	1.000	1.000	1.000	1.000	1.000	1.000	1.000	1.000	1.000	0.635	0.561	0.974	0.979	0.725	0.904	1.000	1.000	1.000	1.000	1.000	1.000	1.000	0.510	1.000	1.000	1.000	1.000	0.650		unknown
2025-02-09 12:30:43 AM PST	1.000	1.000	1.000	1.000	1.000	0.835	1.000	1.000	1.000	1.000	1.000	1.000	1.000	1.000	1.000	1.000	1.000	1.000	0.635	0.561	0.974	0.979	0.725	0.904	1.000	1.000	1.000	1.000	1.000	1.000	1.000	0.510	1.000	1.000	1.000	1.000	0.650		unknown
2025-02-09 12:32:47 AM PST	1.000	1.000	1.000	1.000	1.000	0.835	1.000	1.000	1.000	1.000	1.000	1.000	1.000	1.000	1.000	1.000	1.000	1.000	0.635	0.561	0.974	0.979	0.725	0.904	1.000	1.000	1.000	1.000	1.000	1.000	1.000	0.510	1.000	1.000	1.000	1.000	0.650		unknown
2025-02-09 12:33:33 AM PST	0.731	0.732	0.650	0.823	0.838	0.624	0.940	0.663	0.653	0.672	0.949	0.979	0.487	0.418	0.433	0.467	0.632	0.650	0.522	0.445	0.847	0.847	0.454	0.694	1.000	1.000	1.000	1.000	1.000	1.000	1.000	0.510	1.000	1.000	1.000	1.000	0.650		unknown
2025-02-09 12:34:09 AM PST	1.000	1.000	1.000	1.000	1.000	0.835	1.000	1.000	1.000	1.000	1.000	1.000	1.000	1.000	1.000	1.000	1.000	1.000	0.635	0.561	0.974	0.979	0.725	0.904	1.000	1.000	1.000	1.000	1.000	1.000	1.000	0.510	1.000	1.000	1.000	1.000	0.650		unknown
2025-02-09 12:34:38 AM PST	1.000	1.000	1.000	1.000	1.000	0.835	1.000	1.000	1.000	1.000	1.000	1.000	1.000	1.000	1.000	1.000	1.000	1.000	0.635	0.561	0.974	0.979	0.725	0.904	1.000	1.000	1.000	1.000	1.000	1.000	1.000	0.510	1.000	1.000	1.000	1.000	0.650		unknown
2025-02-09 12:34:46 AM PST	1.000	1.000	1.000	1.000	1.000	0.835	1.000	1.000	1.000	1.000	1.000	1.000	1.000	1.000	1.000	1.000	1.000	1.000	0.635	0.561	0.974	0.979	0.725	0.904	1.000	1.000	1.000	1.000	1.000	1.000	1.000	0.510	1.000	1.000	1.000	1.000	0.650		unknown
2025-02-09 12:36:37 AM PST	1.000	1.000	1.000	1.000	1.000	0.835	1.000	1.000	1.000	1.000	1.000	1.000	1.000	1.000	1.000	1.000	1.000	1.000	0.635	0.561	0.974	0.979	0.725	0.904	1.000	1.000	1.000	1.000	1.000	1.000	1.000	0.510	1.000	1.000	1.000	1.000	0.650		unknown
2025-02-09 12:53:18 AM PST	1.000	1.000	1.000	1.000	1.000	0.835	1.000	1.000	1.000	1.000	1.000	1.000	1.000	1.000	1.000	1.000	1.000	1.000	0.635	0.561	0.974	0.979	0.725	0.904	1.000	1.000	1.000	1.000	1.000	1.000	1.000	0.510	1.000	1.000	1.000	1.000	0.650		unknown
2025-02-09 12:57:12 AM PST	1.000	1.000	1.000	1.000	1.000	0.835	1.000	1.000	1.000	1.000	1.000	1.000	1.000	1.000	1.000	1.000	1.000	1.000	0.635	0.561	0.974	0.979	0.725	0.904	1.000	1.000	1.000	1.000	1.000	1.000	1.000	0.510	1.000	1.000	1.000	1.000	0.650		unknown
2025-02-09 12:57:17 AM PST	1.000	1.000	1.000	1.000	1.000	0.835	1.000	1.000	1.000	1.000	1.000	1.000	1.000	1.000	1.000	1.000	1.000	1.000	0.635	0.561	0.974	0.979	0.725	0.904	1.000	1.000	1.000	1.000	1.000	1.000	1.000	0.510	1.000	1.000	1.000	1.000	0.650		unknown
2025-02-09 12:57:27 AM PST	1.000	1.000	1.000	1.000	1.000	0.835	1.000	1.000	1.000	1.000	1.000	1.000	1.000	1.000	1.000	1.000	1.000	1.000	0.635	0.561	0.974	0.979	0.725	0.904	1.000	1.000	1.000	1.000	1.000	1.000	1.000	0.510	1.000	1.000	1.000	1.000	0.650		unknown
2025-02-09 12:57:58 AM PST	1.000	1.000	1.000	1.000	1.000	0.835	1.000	1.000	1.000	1.000	1.000	1.000	1.000	1.000	1.000	1.000	1.000	1.000	0.635	0.561	0.974	0.979	0.725	0.904	1.000	1.000	1.000	1.000	1.000	1.000	1.000	0.510	1.000	1.000	1.000	1.000	0.650		unknown
2025-02-09 01:00:40 AM PST	1.000	1.000	1.000	1.000	1.000	0.835	1.000	1.000	1.000	1.000	1.000	1.000	1.000	1.000	1.000	1.000	1.000	1.000	0.635	0.561	0.974	0.979	0.725	0.904	1.000	1.000	1.000	1.000	1.000	1.000	1.000	0.510	1.000	1.000	1.000	1.000	0.650		unknown
2025-02-09 01:02:54 AM PST	1.000	1.000	1.000	1.000	1.000	0.835	1.000	1.000	1.000	1.000	1.000	1.000	1.000	1.000	1.000	1.000	1.000	1.000	0.635	0.561	0.974	0.979	0.725	0.904	1.000	1.000	1.000	1.000	1.000	1.000	1.000	0.510	1.000	1.000	1.000	1.000	0.650		unknown
2025-02-09 01:33:57 AM PST	1.000	1.000	1.000	1.000	1.000	0.835	1.000	1.000	1.000	1.000	1.000	1.000	1.000	1.000	1.000	1.000	1.000	1.000	0.635	0.561	0.974	0.979	0.725	0.904	1.000	1.000	1.000	1.000	1.000	1.000	1.000	0.510	1.000	1.000	1.000	1.000	0.650		b0ae719c212eae0ab114a03472132158d3b1a64b-dirty
2025-02-09 01:34:40 AM PST	1.000	1.000	1.000	1.000	1.000	0.835	1.000	1.000	1.000	1.000	1.000	1.000	1.000	1.000	1.000	1.000	1.000	1.000	0.635	0.561	0.974	0.979	0.725	0.904	1.000	1.000	1.000	1.000	1.000	1.000	1.000	0.510	1.000	1.000	1.000	1.000	0.650		b0ae719c212eae0ab114a03472132158d3b1a64b-dirty
2025-02-09 01:35:35 AM PST	1.000	1.000	1.000	1.000	1.000	0.835	1.000	1.000	1.000	1.000	1.000	1.000	1.000	1.000	1.000	1.000	1.000	1.000	0.635	0.561	0.974	0.979	0.725	0.904	1.000	1.000	1.000	1.000	1.000	1.000	1.000	0.510	1.000	1.000	1.000	1.000	0.650		6dc90cd69ec32176baf5f665a089576b0b0a8eb8
2025-02-09 02:53:56 AM PST	1.000	1.000	1.000	1.000	1.000	0.835	1.000	1.000	1.000	1.000	1.000	1.000	1.000	1.000	1.000	1.000	1.000	1.000	0.635	0.561	0.974	0.979	0.725	0.904	1.000	1.000	1.000	1.000	1.000	1.000	1.000	0.510	1.000	1.000	1.000	1.000	0.650		6dc90cd69ec32176baf5f665a089576b0b0a8eb8-dirty
2025-02-09 02:56:41 AM PST	1.000	1.000	1.000	1.000	1.000	0.835	1.000	1.000	1.000	1.000	1.000	1.000	1.000	1.000	1.000	1.000	1.000	1.000	0.635	0.561	0.974	0.979	0.725	0.904	1.000	1.000	1.000	1.000	1.000	1.000	1.000	0.510	1.000	1.000	1.000	1.000	0.650		500ecb6b109356dcc74ba7dca7f17f12e4e308be-dirty
2025-02-09 02:59:12 AM PST	1.000	1.000	1.000	1.000	1.000	0.835	1.000	1.000	1.000	1.000	1.000	1.000	1.000	1.000	1.000	1.000	1.000	1.000	0.635	0.561	0.974	0.979	0.725	0.904	1.000	1.000	1.000	1.000	1.000	1.000	1.000	0.510	1.000	1.000	1.000	1.000	0.650		d26c0e884caa935279b5af6d328db867e14096ee-dirty
2025-02-09 03:05:34 AM PST	1.000	1.000	1.000	1.000	1.000	0.835	1.000	1.000	1.000	1.000	1.000	1.000	1.000	1.000	1.000	1.000	1.000	1.000	0.635	0.561	0.974	0.979	0.725	0.904	1.000	1.000	1.000	1.000	1.000	1.000	1.000	0.510	1.000	1.000	1.000	1.000	0.650		d26c0e884caa935279b5af6d328db867e14096ee-dirty
2025-02-09 03:06:43 AM PST	1.000	1.000	1.000	1.000	1.000	0.835	1.000	1.000	1.000	1.000	1.000	1.000	1.000	1.000	1.000	1.000	1.000	1.000	0.635	0.561	0.974	0.979	0.725	0.904	1.000	1.000	1.000	1.000	1.000	1.000	1.000	0.510	1.000	1.000	1.000	1.000	0.650		3a4a457ebf0a2fc005a256b45625de0b382f5e22
2025-02-09 03:15:10 AM PST	1.000	1.000	1.000	1.000	1.000	0.835	1.000	1.000	1.000	1.000	1.000	1.000	1.000	1.000	1.000	1.000	1.000	1.000	0.635	0.561	0.974	0.979	0.725	0.904	1.000	1.000	1.000	1.000	1.000	1.000	1.000	0.510	1.000	1.000	1.000	1.000	0.650	28.000	3a4a457ebf0a2fc005a256b45625de0b382f5e22-dirty
2025-02-09 03:32:29 AM PST	1.000	1.000	1.000	1.000	1.000	0.835	1.000	1.000	1.000	1.000	1.000	1.000	1.000	1.000	1.000	1.000	1.000	1.000	0.635	0.561	0.974	0.979	0.725	0.904	1.000	1.000	1.000	1.000	1.000	1.000	1.000	0.510	1.000	1.000	1.000	1.000	0.650	28	3a4a457ebf0a2fc005a256b45625de0b382f5e22-dirty
2025-02-09 10:02:17 PM PST	0.733	0.734	0.651	0.824	0.840	0.625	0.943	0.665	0.654	0.674	0.951	0.982	0.488	0.419	0.434	0.468	0.633	0.651	0.523	0.446	0.849	0.849	0.455	0.696	0.332	0.333	0.252	0.310	0.444	0.493	0.330	0.250	0.907	0.427	0.427	0.322	0.332	0	096b045ea648669046eff6c56a0591c2f9ca79c6-dirty
2025-02-09 10:02:24 PM PST	0.733	0.734	0.651	0.824	0.840	0.625	0.943	0.665	0.654	0.674	0.951	0.982	0.488	0.419	0.434	0.468	0.633	0.651	0.523	0.446	0.849	0.849	0.455	0.696	0.332	0.333	0.252	0.310	0.444	0.493	0.330	0.250	0.907	0.427	0.427	0.322	0.332	0	096b045ea648669046eff6c56a0591c2f9ca79c6-dirty
2025-02-09 10:02:26 PM PST	0.733	0.734	0.651	0.824	0.840	0.625	0.943	0.665	0.654	0.674	0.951	0.982	0.488	0.419	0.434	0.468	0.633	0.651	0.523	0.446	0.849	0.849	0.455	0.696	0.332	0.333	0.252	0.310	0.444	0.493	0.330	0.250	0.907	0.427	0.427	0.322	0.332	0	096b045ea648669046eff6c56a0591c2f9ca79c6-dirty
2025-02-09 10:07:03 PM PST	1.000	1.000	1.000	1.000	1.000	0.835	1.000	1.000	1.000	1.000	1.000	1.000	1.000	1.000	1.000	1.000	1.000	1.000	0.635	0.561	0.974	0.979	0.725	0.904	1.000	1.000	1.000	1.000	1.000	1.000	1.000	0.510	1.000	1.000	1.000	1.000	0.650	28	096b045ea648669046eff6c56a0591c2f9ca79c6-dirty
2025-02-09 10:07:21 PM PST	1.000	1.000	1.000	1.000	1.000	0.835	1.000	1.000	1.000	1.000	1.000	1.000	1.000	1.000	1.000	1.000	1.000	1.000	0.635	0.561	0.974	0.979	0.725	0.904	1.000	1.000	1.000	1.000	1.000	1.000	1.000	0.510	1.000	1.000	1.000	1.000	0.650	28	096b045ea648669046eff6c56a0591c2f9ca79c6-dirty
2025-02-09 10:07:33 PM PST	1.000	1.000	1.000	1.000	1.000	0.835	1.000	1.000	1.000	1.000	1.000	1.000	1.000	1.000	1.000	1.000	1.000	1.000	0.635	0.561	0.974	0.979	0.725	0.904	1.000	1.000	1.000	1.000	1.000	1.000	1.000	0.510	1.000	1.000	1.000	1.000	0.650	28	096b045ea648669046eff6c56a0591c2f9ca79c6-dirty
2025-02-09 10:29:55 PM PST	1.000	1.000	1.000	1.000	1.000	0.835	1.000	1.000	1.000	1.000	1.000	1.000	1.000	1.000	1.000	1.000	1.000	1.000	0.635	0.561	0.974	0.979	0.725	0.904	1.000	1.000	1.000	1.000	1.000	1.000	1.000	0.510	1.000	1.000	1.000	1.000	0.650	28	8e77ee9341cb8e254991233868d7e63d379e75dd-dirty
2025-02-10 12:00:17 AM PST	1.000	1.000	1.000	1.000	1.000	0.835	1.000	1.000	1.000	1.000	1.000	1.000	1.000	1.000	1.000	1.000	1.000	1.000	0.635	0.561	0.974	0.979	0.725	0.904	1.000	1.000	1.000	1.000	1.000	1.000	1.000	0.510	1.000	1.000	1.000	1.000	0.650	28	cfee36992790c05eb545024666da1ab7e3c93da5-dirty
2025-02-10 12:01:02 AM PST	1.000	1.000	1.000	1.000	1.000	0.835	1.000	1.000	1.000	1.000	1.000	1.000	1.000	1.000	1.000	1.000	1.000	1.000	0.635	0.561	0.974	0.979	0.725	0.904	1.000	1.000	1.000	1.000	1.000	1.000	1.000	0.510	1.000	1.000	1.000	1.000	0.650	28	cfee36992790c05eb545024666da1ab7e3c93da5-dirty
2025-02-10 12:08:31 AM PST	1.000	1.000	1.000	1.000	1.000	0.835	1.000	1.000	1.000	1.000	1.000	1.000	1.000	1.000	1.000	1.000	1.000	1.000	0.635	0.561	0.974	0.979	0.725	0.904	1.000	1.000	1.000	1.000	1.000	1.000	1.000	0.510	1.000	1.000	1.000	1.000	0.650	28	cfee36992790c05eb545024666da1ab7e3c93da5-dirty
2025-02-10 12:18:38 AM PST	1.000	1.000	1.000	1.000	1.000	0.835	1.000	1.000	1.000	1.000	1.000	1.000	1.000	1.000	1.000	1.000	1.000	1.000	0.635	0.561	0.974	0.979	0.725	0.904	1.000	1.000	1.000	1.000	1.000	1.000	1.000	0.510	1.000	1.000	1.000	1.000	0.650	28	cfee36992790c05eb545024666da1ab7e3c93da5-dirty
2025-02-10 12:18:45 AM PST	0.725	0.727	0.645	0.818	0.832	0.620	0.933	0.658	0.648	0.668	0.942	0.971	0.483	0.416	0.430	0.464	0.628	0.645	0.519	0.443	0.841	0.841	0.451	0.690	0.350	0.352	0.266	0.325	0.463	0.520	0.345	0.264	1.000	0.443	0.443	0.337	0.342	1	cfee36992790c05eb545024666da1ab7e3c93da5-dirty
2025-02-10 12:18:47 AM PST	1.000	1.000	1.000	1.000	1.000	0.835	1.000	1.000	1.000	1.000	1.000	1.000	1.000	1.000	1.000	1.000	1.000	1.000	0.635	0.561	0.974	0.979	0.725	0.904	1.000	1.000	1.000	1.000	1.000	1.000	1.000	0.510	1.000	1.000	1.000	1.000	0.650	28	cfee36992790c05eb545024666da1ab7e3c93da5-dirty
2025-02-10 12:23:46 AM PST	1.000	1.000	1.000	1.000	1.000	0.835	1.000	1.000	1.000	1.000	1.000	1.000	1.000	1.000	1.000	1.000	1.000	1.000	0.635	0.561	0.974	0.979	0.725	0.904	1.000	1.000	1.000	1.000	1.000	1.000	1.000	0.510	1.000	1.000	1.000	1.000	0.650	28	cfee36992790c05eb545024666da1ab7e3c93da5-dirty
2025-02-10 12:36:59 AM PST	1.000	1.000	1.000	1.000	1.000	0.835	1.000	1.000	1.000	1.000	1.000	1.000	1.000	1.000	1.000	1.000	1.000	1.000	0.635	0.561	0.974	0.979	0.725	0.904	1.000	1.000	1.000	1.000	1.000	1.000	1.000	0.510	1.000	1.000	1.000	1.000	0.650	28	cfee36992790c05eb545024666da1ab7e3c93da5-dirty
2025-02-10 12:38:52 AM PST	1.000	1.000	1.000	1.000	1.000	0.835	1.000	1.000	1.000	1.000	1.000	1.000	1.000	1.000	1.000	1.000	1.000	1.000	0.635	0.561	0.974	0.979	0.725	0.904	1.000	1.000	1.000	1.000	1.000	1.000	1.000	0.510	1.000	1.000	1.000	1.000	0.650	28	cfee36992790c05eb545024666da1ab7e3c93da5-dirty
2025-02-10 12:39:42 AM PST	1.000	1.000	1.000	1.000	1.000	0.835	1.000	1.000	1.000	1.000	1.000	1.000	1.000	1.000	1.000	1.000	1.000	1.000	0.635	0.561	0.974	0.979	0.725	0.904	1.000	1.000	1.000	1.000	1.000	1.000	1.000	0.510	1.000	1.000	1.000	1.000	0.650	28	cfee36992790c05eb545024666da1ab7e3c93da5-dirty
2025-02-10 12:43:43 AM PST	1.000	1.000	1.000	1.000	1.000	0.835	1.000	1.000	1.000	1.000	1.000	1.000	1.000	1.000	1.000	1.000	1.000	1.000	0.635	0.561	0.974	0.979	0.725	0.904	1.000	1.000	1.000	1.000	1.000	1.000	1.000	0.510	1.000	1.000	1.000	1.000	0.650	28	cfee36992790c05eb545024666da1ab7e3c93da5-dirty
2025-02-10 12:46:00 AM PST	1.000	1.000	1.000	1.000	1.000	0.835	1.000	1.000	1.000	1.000	1.000	1.000	1.000	1.000	1.000	1.000	1.000	1.000	0.635	0.561	0.974	0.979	0.725	0.904	1.000	1.000	1.000	1.000	1.000	1.000	1.000	0.510	1.000	1.000	1.000	1.000	0.650	28	408bd9b919377ee1e9d56d78b18911292095d734-dirty
2025-02-10 12:46:50 AM PST	1.000	1.000	1.000	1.000	1.000	0.835	1.000	1.000	1.000	1.000	1.000	1.000	1.000	1.000	1.000	1.000	1.000	1.000	0.635	0.561	0.974	0.979	0.725	0.904	1.000	1.000	1.000	1.000	1.000	1.000	1.000	0.510	1.000	1.000	1.000	1.000	0.650	28	408bd9b919377ee1e9d56d78b18911292095d734-dirty
2025-02-10 12:55:34 AM PST	1.000	1.000	1.000	1.000	1.000	0.835	1.000	1.000	1.000	1.000	1.000	1.000	1.000	1.000	1.000	1.000	1.000	1.000	0.635	0.561	0.974	0.979	0.725	0.904	1.000	1.000	1.000	1.000	1.000	1.000	1.000	0.510	1.000	1.000	1.000	1.000	0.650	28	408bd9b919377ee1e9d56d78b18911292095d734-dirty
2025-02-10 12:57:35 AM PST	1.000	1.000	1.000	1.000	1.000	0.835	1.000	1.000	1.000	1.000	1.000	1.000	1.000	1.000	1.000	1.000	1.000	1.000	0.635	0.561	0.974	0.979	0.725	0.904	1.000	1.000	1.000	1.000	1.000	1.000	1.000	0.510	1.000	1.000	1.000	1.000	0.650	28	408bd9b919377ee1e9d56d78b18911292095d734-dirty
2025-02-10 12:57:46 AM PST	1.000	1.000	1.000	1.000	1.000	0.835	1.000	1.000	1.000	1.000	1.000	1.000	1.000	1.000	1.000	1.000	1.000	1.000	0.635	0.561	0.974	0.979	0.725	0.904	1.000	1.000	1.000	1.000	1.000	1.000	1.000	0.510	1.000	1.000	1.000	1.000	0.650	28	408bd9b919377ee1e9d56d78b18911292095d734-dirty
2025-02-10 12:59:54 AM PST	1.000	1.000	1.000	1.000	1.000	0.835	1.000	1.000	1.000	1.000	1.000	1.000	1.000	1.000	1.000	1.000	1.000	1.000	0.635	0.561	0.974	0.979	0.725	0.904	1.000	1.000	1.000	1.000	1.000	1.000	1.000	0.510	1.000	1.000	1.000	1.000	0.650	28	408bd9b919377ee1e9d56d78b18911292095d734-dirty
2025-02-10 01:01:00 AM PST	1.000	1.000	1.000	1.000	1.000	0.835	1.000	1.000	1.000	1.000	1.000	1.000	1.000	1.000	1.000	1.000	1.000	1.000	0.635	0.561	0.974	0.979	0.725	0.904	1.000	1.000	1.000	1.000	1.000	1.000	1.000	0.510	1.000	1.000	1.000	1.000	0.650	28	2870c7dcc4619467402ecad7c263afd026050c7a-dirty
2025-02-10 01:01:20 AM PST	0.018	0.018	0.016	0.017	0.020	0.013	0.023	0.016	0.015	0.016	0.023	0.026	0.012	0.009	0.009	0.010	0.013	0.015	0.010	0.008	0.019	0.019	0.010	0.015	0.045	0.046	0.034	0.036	0.046	0.068	0.038	0.035	0.233	0.038	0.038	0.037	0.026	0	2870c7dcc4619467402ecad7c263afd026050c7a-dirty
2025-02-10 01:01:41 AM PST	0.018	0.018	0.016	0.017	0.020	0.013	0.023	0.016	0.015	0.016	0.023	0.026	0.012	0.009	0.009	0.010	0.013	0.015	0.010	0.008	0.019	0.019	0.010	0.015	0.045	0.046	0.034	0.036	0.046	0.068	0.038	0.035	0.233	0.038	0.038	0.037	0.026	0	2870c7dcc4619467402ecad7c263afd026050c7a-dirty
2025-02-10 01:03:27 AM PST	1.000	1.000	1.000	1.000	1.000	0.835	1.000	1.000	1.000	1.000	1.000	1.000	1.000	1.000	1.000	1.000	1.000	1.000	0.635	0.561	0.974	0.979	0.725	0.904	1.000	1.000	1.000	1.000	1.000	1.000	1.000	0.510	1.000	1.000	1.000	1.000	0.650	28	c0be4e1544e4fcd014d799f8f1981c46d0189232-dirty
2025-02-10 01:04:30 AM PST	1.000	1.000	1.000	1.000	1.000	0.835	1.000	1.000	1.000	1.000	1.000	1.000	1.000	1.000	1.000	1.000	1.000	1.000	0.635	0.561	0.974	0.979	0.725	0.904	1.000	1.000	1.000	1.000	1.000	1.000	1.000	0.510	1.000	1.000	1.000	1.000	0.650	28	691a18dd840c82e1df1049bc96923055c204cefd
2025-02-10 01:52:42 AM PST	1.000	1.000	1.000	1.000	1.000	0.835	1.000	1.000	1.000	1.000	1.000	1.000	1.000	1.000	1.000	1.000	1.000	1.000	0.635	0.561	0.974	0.979	0.725	0.904	1.000	1.000	1.000	1.000	1.000	1.000	1.000	0.510	1.000	1.000	1.000	1.000	0.650	28	a6cbc5462c75b85e8a1c86f6a4c3e94d0115b16f
2025-02-15 01:04:28 AM PST	1.000	1.000	1.000	1.000	1.000	0.835	1.000	1.000	1.000	1.000	1.000	1.000	1.000	1.000	1.000	1.000	1.000	1.000	0.635	0.561	0.974	0.979	0.725	0.904	1.000	1.000	1.000	1.000	1.000	1.000	1.000	0.510	1.000	1.000	1.000	1.000	0.650	28	f271a0a95a95f66cac1dbe6c0102e233ea6b70d3
2025-02-15 09:19:41 AM UTC	1.000	1.000	1.000	1.000	1.000	0.835	1.000	1.000	1.000	1.000	1.000	1.000	1.000	1.000	1.000	1.000	1.000	1.000	0.635	0.561	0.974	0.979	0.725	0.904	1.000	1.000	1.000	1.000	1.000	1.000	1.000	0.510	1.000	1.000	1.000	1.000	0.650	28	2f826ded70630e23a084f584673e3f7c0fe8ff67-dirty
2025-02-15 09:19:54 AM UTC	1.000	1.000	1.000	1.000	1.000	0.835	1.000	1.000	1.000	1.000	1.000	1.000	1.000	1.000	1.000	1.000	1.000	1.000	0.635	0.561	0.974	0.979	0.725	0.904	1.000	1.000	1.000	1.000	1.000	1.000	1.000	0.510	1.000	1.000	1.000	1.000	0.650	28	7b5ca291928b8128ecd87d7c84ce38580ac361eb-dirty
2025-02-15 09:23:21 AM UTC	1.000	1.000	1.000	1.000	1.000	0.835	1.000	1.000	1.000	1.000	1.000	1.000	1.000	1.000	1.000	1.000	1.000	1.000	0.635	0.561	0.974	0.979	0.725	0.904	1.000	1.000	1.000	1.000	1.000	1.000	1.000	0.510	1.000	1.000	1.000	1.000	0.650	28	a1b89f5d09cee213c4e8682a0ba002c08220682b-dirty
2025-02-15 09:24:14 AM UTC	1.000	1.000	1.000	1.000	1.000	0.835	1.000	1.000	1.000	1.000	1.000	1.000	1.000	1.000	1.000	1.000	1.000	1.000	0.635	0.561	0.974	0.979	0.725	0.904	1.000	1.000	1.000	1.000	1.000	1.000	1.000	0.510	1.000	1.000	1.000	1.000	0.650	28	5c505397de6614242de4ea4be64fd1e20e1b1a4f
2025-02-15 09:24:26 AM UTC	1.000	1.000	1.000	1.000	1.000	0.835	1.000	1.000	1.000	1.000	1.000	1.000	1.000	1.000	1.000	1.000	1.000	1.000	0.635	0.561	0.974	0.979	0.725	0.904	1.000	1.000	1.000	1.000	1.000	1.000	1.000	0.510	1.000	1.000	1.000	1.000	0.650	28	9a7c9c3b202d7152fddfdba471d3af05651befe5
2025-02-15 11:16:57 AM UTC	1.000	1.000	1.000	1.000	1.000	0.835	1.000	1.000	1.000	1.000	1.000	1.000	1.000	1.000	1.000	1.000	1.000	1.000	0.635	0.561	0.974	0.979	0.725	0.904	1.000	1.000	1.000	1.000	1.000	1.000	1.000	0.510	1.000	1.000	1.000	1.000	0.650	28	68b1239c16c206d164a61eec737a7afec61d3988
2025-02-15 11:21:37 AM UTC	1.000	1.000	1.000	1.000	1.000	0.835	1.000	1.000	1.000	1.000	1.000	1.000	1.000	1.000	1.000	1.000	1.000	1.000	0.635	0.561	0.974	0.979	0.725	0.904	1.000	1.000	1.000	1.000	1.000	1.000	1.000	0.510	1.000	1.000	1.000	1.000	0.650	28	73399751e5136bdfaae4ba594a4d7d132673d3a3
2025-02-15 11:32:25 AM UTC	1.000	1.000	1.000	1.000	1.000	0.835	1.000	1.000	1.000	1.000	1.000	1.000	1.000	1.000	1.000	1.000	1.000	1.000	0.635	0.561	0.974	0.979	0.725	0.904	1.000	1.000	1.000	1.000	1.000	1.000	1.000	0.510	1.000	1.000	1.000	1.000	0.650	28	38cce0f418d8e2b937c03f27ca998a3fd193ea6a
2025-02-16 08:55:32 AM UTC	1.000	1.000	1.000	1.000	1.000	0.835	1.000	1.000	1.000	1.000	1.000	1.000	1.000	1.000	1.000	1.000	1.000	1.000	0.635	0.561	0.974	0.979	0.725	0.904	1.000	1.000	1.000	1.000	1.000	1.000	1.000	0.510	1.000	1.000	1.000	1.000	0.650	28	5924eb5b8aaa5506f33d63c706dac7fde2459a3a
2025-02-16 09:01:56 AM UTC	1.000	1.000	1.000	1.000	1.000	0.835	1.000	1.000	1.000	1.000	1.000	1.000	1.000	1.000	1.000	1.000	1.000	1.000	0.635	0.561	0.974	0.979	0.725	0.904	1.000	1.000	1.000	1.000	1.000	1.000	1.000	0.510	1.000	1.000	1.000	1.000	0.650	28	ffc9bf08505f7082c6f6d0939dabbb6174bb09d8
2025-02-16 09:17:29 AM UTC	1.000	1.000	1.000	1.000	1.000	0.835	1.000	1.000	1.000	1.000	1.000	1.000	1.000	1.000	1.000	1.000	1.000	1.000	0.635	0.561	0.974	0.979	0.725	0.904	1.000	1.000	1.000	1.000	1.000	1.000	1.000	0.510	1.000	1.000	1.000	1.000	0.650	28	6365e2579276c61af288a0d7427a4495beb7b863
2025-02-16 09:26:32 AM UTC	1.000	1.000	1.000	1.000	1.000	0.835	1.000	1.000	1.000	1.000	1.000	1.000	1.000	1.000	1.000	1.000	1.000	1.000	0.635	0.561	0.974	0.979	0.725	0.904	1.000	1.000	1.000	1.000	1.000	1.000	1.000	0.510	1.000	1.000	1.000	1.000	0.650	28	ee1e9b07b00cd5e798087872e669a4e5a150f2d8
2025-02-16 09:31:33 AM UTC	1.000	1.000	1.000	1.000	1.000	0.835	1.000	1.000	1.000	1.000	1.000	1.000	1.000	1.000	1.000	1.000	1.000	1.000	0.635	0.561	0.974	0.979	0.725	0.904	1.000	1.000	1.000	1.000	1.000	1.000	1.000	0.510	1.000	1.000	1.000	1.000	0.650	28	a40095f2aebd05824eeda1b8bb13bff52f2c7c89
2025-02-16 09:41:03 AM UTC	1.000	1.000	1.000	1.000	1.000	0.835	1.000	1.000	1.000	1.000	1.000	1.000	1.000	1.000	1.000	1.000	1.000	1.000	0.635	0.561	0.974	0.979	0.725	0.904	1.000	1.000	1.000	1.000	1.000	1.000	1.000	0.510	1.000	1.000	1.000	1.000	0.650	28	205ed52b004e8de30612a35844f31eeeb591065e
2025-02-16 09:42:34 AM UTC	1.000	1.000	1.000	1.000	1.000	0.835	1.000	1.000	1.000	1.000	1.000	1.000	1.000	1.000	1.000	1.000	1.000	1.000	0.635	0.561	0.974	0.979	0.725	0.904	1.000	1.000	1.000	1.000	1.000	1.000	1.000	0.510	1.000	1.000	1.000	1.000	0.650	28	55c5d07a819a3612083407c1a4d09f3169fbe5ce
2025-02-16 09:47:40 AM UTC	1.000	1.000	1.000	1.000	1.000	0.835	1.000	1.000	1.000	1.000	1.000	1.000	1.000	1.000	1.000	1.000	1.000	1.000	0.635	0.561	0.974	0.979	0.725	0.904	1.000	1.000	1.000	1.000	1.000	1.000	1.000	0.510	1.000	1.000	1.000	1.000	0.650	28	6520910b0ee564a5724c9b5a44e046abf20b08c1
2025-02-16 07:59:48 PM UTC	1.000	1.000	1.000	1.000	1.000	0.835	1.000	1.000	1.000	1.000	1.000	1.000	1.000	1.000	1.000	1.000	1.000	1.000	0.635	0.561	0.974	0.979	0.725	0.904	1.000	1.000	1.000	1.000	1.000	1.000	1.000	0.510	1.000	1.000	1.000	1.000	0.650	28	341ace46588fed79acd1e31223d7e8289dfdae78
